id,response,seq
NP_000542.1,1,MPRRAENWDEAEVGAEEAGVEEYGPEEDGGEESGAEESGPEESGPEELGAEEEMEAGRPRPVLRSVNSREPSQVIFCNRSPRVVLPVWLNFDGEP
4WQO_A,1,MGSSHHHHHHSSGLVPRGSHMPRRAENWDEAEVGAEEAGVEEYGPEEDGGEESGAEESGPEESGPEELGAEEEMEAGRPRPVLRSVNSREPSQVI
XP_030657505.1,1,MPRRAENWDEAEVGAEEAGAEEYGPEEDGGEELGAEESGPEESGPEELGAEEEMEAGRPRPVLRSVNSREPSQVIFCNRSPRVVLPVWLNFDG
NP_001126390.1,1,MRRRAENWDEAEVGAEEAGVEEYGPEEDGGEESGAEESGPEESGPEELGAEEEMEAGRPRPVLRSVNSREPSQVIFCNRSPRVVLPVWLNF
XP_004033637.2,1,MPRRAESWDEAEVGAEEAGVEEYGPEEDGGEESSAEESGPEESGPEELGAEEEMEAGRPRPRPVLRSVNSREPSQVIFCNRSPRVVLPVWLNF
XP_010367684.1,1,MPRRAENWDEAEAGAEEAGAEEYGPEEDGREESGAEESGPEGSGPEELGAEEEMEAGRPRPVLRSVNSREPSQVIFCNRSPRVVLPVWL
7Q2J_C,1,MNTIHHHHHHNTSGSGGGGGRLVPRGSMSENLYFQGSMEAGRPRPVLRSVNSREPSQVIFCNRSPRVVLPVWLNFDGEPQPYPTL
3ZRC_C,1,GSHMEAGRPRPVLRSVNSREPSQVIFCNRSPRVVLPVWLNFDGEPQPYPTLPPGTGRRIHSYRGHLWLFRDAGTHDGLLVNQTELFVPSLNVDGQPIFAN
1LQB_C,1,GSMEAGRPRPVLRSVNSREPSQVIFCNRSPRVVLPVWLNFDGEPQPYPTLPPGTGRRIHSYRGHLWLFRDAGTHDGLLVNQTELFVPSLNVDGQPIFANITLPVYTLK
1LM8_V,1,MEAGRPRPVLRSVNSREPSQVIFCNRSPRVVLPVWLNFDGEPQPYPTLPPGTGRRIHSYRGHLWLFRDAGTHDGLLVNQTELFVPSLNVDGQPIFANITLP
7KHH_C,1,MHHHHHHGENLYFQGSEAGRPRPVLRSVNSREPSQVIFCNRSPRVVLPVWLNFDGEPQPYPTLPPGTGRRIHSYRGHLWLFRDAGTHDGLLVNQTELFVPSLNVDGQP
XP_011915503.1,2,MPRRAENWDEAEAGAEEAGAEEYGPEEGGREESGAEESGPEESGPEELGAEEEMEAGRPLPVLRSVNSREPSQVIFCNRSPRVVLPLWLNFDGEPQPYPTLPPGT
7CJB_A,2,GPGSEAGRPRPVLRSVNSREPSQVIFCNRSPRVVLPVWLNFDGEPQPYPTLPPGTGRRIHSYRGHLWLFRDAGTHDGLLVNQTELFVPSLNVDGQPIFANITLPVYT
XP_011732630.1,2,MPRRAENWDEAEEGAEEAGAEEYGPEEGGREESGAEESGPEESGPEELGAEEEMEAGRPLPVLRSVNSREPSQVIFCNRSPRVVLPLWLNFDGEPQPYPTLPPGTG
XP_007983401.1,2,MPRRAENWDEAEAGAEEAGAEEYGPEEDGREESGSEESGPEESGPEELGAEEEMEAGRPLPVLRSVNSREPSQVIFCNRSPRVVLPLWLNFDGEPQPYPTLPPGT
6ZHC_AAA,2,PRPVLRSVNSREPSQVIFCNRSPRVVLPVWLNFDGEPQPYPTLPPGTGRRIHSYRGHLWLFRDAGTHDGLLVNQTELFVPSLNVDGQPIFANITLPVYTLKERCL
XP_011807665.1,2,MRRRAENWDEAEAGAEEAGAEEYGPEEDGREESGAEESGPEGSGPEELGAEEEMEAGRPRPVLRSVNSREPSQVIFCNRSPRVVLPVWLNFDGEPQPYPTLPPGTGRRIHSYRG
XP_025231003.1,2,MPRRAENWDEAEAGAEEAGAEEYGPEEGGREESGAEESGPEESGPEELGAEEEMEAGRPLPVLRSVNSREPSQVIFCNRSPRVVLPLWLNFDGEPQPYPTLPPGTGRRIHSYRGHL
4B9K_C,2,SMSENLYFQGSMEAGRPRPVLRSVNSREPSQVIFXNRSPRVVLPVWLNFDGEPQPYPTLPPGTGRRIHSYRGHLWLFRDAGTHDGLLVNQTELFVPSLNVDGQPIFA
4BKS_C,2,GSMEAGRPRPVLRSVNSREPSQVIFXNRSPRVVLPVWLNFDGEPQPYPTLPPGTGRRIHSYRGHLWLFRDAGTHDGLLVNQTELFVPSLNVDGQPIFANITLPVYTLKERCLQVVRSLVKPENYRRLDIVRSLY
